[{"model": "admin.logentry", "pk": 1, "fields": {"action_time": "2021-04-09T15:49:36.265Z", "user": 1, "content_type": 15, "object_id": "1", "object_repr": "warhammer_40k", "action_flag": 1, "change_message": "[{\"added\": {}}]"}}, {"model": "admin.logentry", "pk": 2, "fields": {"action_time": "2021-04-09T15:49:46.029Z", "user": 1, "content_type": 15, "object_id": "2", "object_repr": "star_wars_legion", "action_flag": 1, "change_message": "[{\"added\": {}}]"}}, {"model": "admin.logentry", "pk": 3, "fields": {"action_time": "2021-04-09T15:52:15.322Z", "user": 1, "content_type": 13, "object_id": "1", "object_repr": "Primaris Captain", "action_flag": 1, "change_message": "[{\"added\": {}}]"}}, {"model": "admin.logentry", "pk": 4, "fields": {"action_time": "2021-04-10T08:00:50.365Z", "user": 1, "content_type": 13, "object_id": "1", "object_repr": "Primaris Captain", "action_flag": 3, "change_message": ""}}, {"model": "admin.logentry", "pk": 5, "fields": {"action_time": "2021-04-10T09:50:23.945Z", "user": 1, "content_type": 13, "object_id": "1", "object_repr": "Primaris Captain", "action_flag": 1, "change_message": "[{\"added\": {}}]"}}, {"model": "admin.logentry", "pk": 6, "fields": {"action_time": "2021-04-10T10:14:19.247Z", "user": 1, "content_type": 13, "object_id": "1", "object_repr": "Primaris Captain", "action_flag": 2, "change_message": "[{\"changed\": {\"fields\": [\"Price\"]}}]"}}, {"model": "admin.logentry", "pk": 7, "fields": {"action_time": "2021-04-10T10:19:06.967Z", "user": 1, "content_type": 13, "object_id": "2", "object_repr": "Primaris Chaplain", "action_flag": 1, "change_message": "[{\"added\": {}}]"}}, {"model": "admin.logentry", "pk": 8, "fields": {"action_time": "2021-04-10T10:37:18.001Z", "user": 1, "content_type": 13, "object_id": "3", "object_repr": "Primaris Intercessors", "action_flag": 1, "change_message": "[{\"added\": {}}]"}}, {"model": "admin.logentry", "pk": 9, "fields": {"action_time": "2021-04-10T10:37:30.119Z", "user": 1, "content_type": 13, "object_id": "1", "object_repr": "Primaris Captain", "action_flag": 2, "change_message": "[{\"changed\": {\"fields\": [\"Sku\"]}}]"}}, {"model": "admin.logentry", "pk": 10, "fields": {"action_time": "2021-04-10T10:37:38.344Z", "user": 1, "content_type": 13, "object_id": "2", "object_repr": "Primaris Chaplain", "action_flag": 2, "change_message": "[{\"changed\": {\"fields\": [\"Sku\"]}}]"}}, {"model": "admin.logentry", "pk": 11, "fields": {"action_time": "2021-04-10T10:38:18.227Z", "user": 1, "content_type": 13, "object_id": "3", "object_repr": "Primaris Intercessors", "action_flag": 2, "change_message": "[{\"changed\": {\"fields\": [\"Sku\"]}}]"}}, {"model": "admin.logentry", "pk": 12, "fields": {"action_time": "2021-04-10T10:38:25.241Z", "user": 1, "content_type": 13, "object_id": "2", "object_repr": "Primaris Chaplain", "action_flag": 2, "change_message": "[{\"changed\": {\"fields\": [\"Sku\"]}}]"}}, {"model": "admin.logentry", "pk": 13, "fields": {"action_time": "2021-04-10T10:38:30.098Z", "user": 1, "content_type": 13, "object_id": "1", "object_repr": "Primaris Captain", "action_flag": 2, "change_message": "[{\"changed\": {\"fields\": [\"Sku\"]}}]"}}, {"model": "admin.logentry", "pk": 14, "fields": {"action_time": "2021-04-10T10:40:36.958Z", "user": 1, "content_type": 13, "object_id": "4", "object_repr": "Ragnar Blackmane", "action_flag": 1, "change_message": "[{\"added\": {}}]"}}, {"model": "admin.logentry", "pk": 15, "fields": {"action_time": "2021-04-10T10:46:02.075Z", "user": 1, "content_type": 13, "object_id": "5", "object_repr": "Darth Vader", "action_flag": 1, "change_message": "[{\"added\": {}}]"}}, {"model": "admin.logentry", "pk": 16, "fields": {"action_time": "2021-04-10T10:48:00.636Z", "user": 1, "content_type": 13, "object_id": "6", "object_repr": "Luke Skywalker", "action_flag": 1, "change_message": "[{\"added\": {}}]"}}, {"model": "admin.logentry", "pk": 17, "fields": {"action_time": "2021-04-10T11:05:36.155Z", "user": 1, "content_type": 13, "object_id": "7", "object_repr": "Stormtroopers Unit", "action_flag": 1, "change_message": "[{\"added\": {}}]"}}, {"model": "admin.logentry", "pk": 18, "fields": {"action_time": "2021-04-10T11:05:43.967Z", "user": 1, "content_type": 13, "object_id": "7", "object_repr": "Stormtroopers Unit", "action_flag": 2, "change_message": "[{\"changed\": {\"fields\": [\"Gaming system\"]}}]"}}, {"model": "admin.logentry", "pk": 19, "fields": {"action_time": "2021-04-10T13:14:05.669Z", "user": 1, "content_type": 13, "object_id": "2", "object_repr": "Primaris Chaplain", "action_flag": 2, "change_message": "[{\"changed\": {\"fields\": [\"In stock\"]}}]"}}, {"model": "admin.logentry", "pk": 20, "fields": {"action_time": "2021-04-10T16:13:27.309Z", "user": 1, "content_type": 13, "object_id": "1", "object_repr": "Primaris Captain", "action_flag": 3, "change_message": ""}}, {"model": "admin.logentry", "pk": 21, "fields": {"action_time": "2021-04-10T16:13:27.337Z", "user": 1, "content_type": 13, "object_id": "2", "object_repr": "Primaris Chaplain", "action_flag": 3, "change_message": ""}}, {"model": "admin.logentry", "pk": 22, "fields": {"action_time": "2021-04-10T16:13:27.358Z", "user": 1, "content_type": 13, "object_id": "3", "object_repr": "Primaris Intercessors", "action_flag": 3, "change_message": ""}}, {"model": "admin.logentry", "pk": 23, "fields": {"action_time": "2021-04-10T16:13:27.379Z", "user": 1, "content_type": 13, "object_id": "4", "object_repr": "Ragnar Blackmane", "action_flag": 3, "change_message": ""}}, {"model": "admin.logentry", "pk": 24, "fields": {"action_time": "2021-04-10T16:13:27.400Z", "user": 1, "content_type": 13, "object_id": "5", "object_repr": "Darth Vader", "action_flag": 3, "change_message": ""}}, {"model": "admin.logentry", "pk": 25, "fields": {"action_time": "2021-04-10T16:13:27.421Z", "user": 1, "content_type": 13, "object_id": "6", "object_repr": "Luke Skywalker", "action_flag": 3, "change_message": ""}}, {"model": "admin.logentry", "pk": 26, "fields": {"action_time": "2021-04-10T16:13:27.453Z", "user": 1, "content_type": 13, "object_id": "7", "object_repr": "Stormtroopers Unit", "action_flag": 3, "change_message": ""}}, {"model": "admin.logentry", "pk": 27, "fields": {"action_time": "2021-04-10T16:39:53.880Z", "user": 1, "content_type": 16, "object_id": "1", "object_repr": "adeptus_astartes", "action_flag": 1, "change_message": "[{\"added\": {}}]"}}, {"model": "admin.logentry", "pk": 28, "fields": {"action_time": "2021-04-10T16:42:37.123Z", "user": 1, "content_type": 13, "object_id": "1", "object_repr": "Primaris Captain", "action_flag": 1, "change_message": "[{\"added\": {}}]"}}, {"model": "admin.logentry", "pk": 29, "fields": {"action_time": "2021-04-10T16:44:57.116Z", "user": 1, "content_type": 13, "object_id": "2", "object_repr": "Primaris Chaplain", "action_flag": 1, "change_message": "[{\"added\": {}}]"}}, {"model": "admin.logentry", "pk": 30, "fields": {"action_time": "2021-04-10T16:46:39.080Z", "user": 1, "content_type": 13, "object_id": "3", "object_repr": "Primaris Intercessors", "action_flag": 1, "change_message": "[{\"added\": {}}]"}}, {"model": "admin.logentry", "pk": 31, "fields": {"action_time": "2021-04-10T16:48:08.868Z", "user": 1, "content_type": 16, "object_id": "2", "object_repr": "necrons", "action_flag": 1, "change_message": "[{\"added\": {}}]"}}, {"model": "admin.logentry", "pk": 32, "fields": {"action_time": "2021-04-10T16:48:18.678Z", "user": 1, "content_type": 16, "object_id": "3", "object_repr": "chaos", "action_flag": 1, "change_message": "[{\"added\": {}}]"}}, {"model": "admin.logentry", "pk": 33, "fields": {"action_time": "2021-04-10T16:48:34.383Z", "user": 1, "content_type": 16, "object_id": "4", "object_repr": "thousand_sons", "action_flag": 1, "change_message": "[{\"added\": {}}]"}}, {"model": "admin.logentry", "pk": 34, "fields": {"action_time": "2021-04-10T16:48:50.575Z", "user": 1, "content_type": 16, "object_id": "5", "object_repr": "galactic_empire", "action_flag": 1, "change_message": "[{\"added\": {}}]"}}, {"model": "admin.logentry", "pk": 35, "fields": {"action_time": "2021-04-10T16:49:05.100Z", "user": 1, "content_type": 16, "object_id": "6", "object_repr": "rebel_alliance", "action_flag": 1, "change_message": "[{\"added\": {}}]"}}, {"model": "admin.logentry", "pk": 36, "fields": {"action_time": "2021-04-10T16:49:42.092Z", "user": 1, "content_type": 16, "object_id": "7", "object_repr": "astra_militarum", "action_flag": 1, "change_message": "[{\"added\": {}}]"}}, {"model": "admin.logentry", "pk": 37, "fields": {"action_time": "2021-04-10T16:51:46.456Z", "user": 1, "content_type": 13, "object_id": "4", "object_repr": "Darth Vader", "action_flag": 1, "change_message": "[{\"added\": {}}]"}}, {"model": "admin.logentry", "pk": 38, "fields": {"action_time": "2021-04-10T16:52:15.079Z", "user": 1, "content_type": 13, "object_id": "3", "object_repr": "Primaris Intercessors", "action_flag": 2, "change_message": "[{\"changed\": {\"fields\": [\"Model count\", \"In stock\"]}}]"}}, {"model": "admin.logentry", "pk": 39, "fields": {"action_time": "2021-04-10T16:53:34.892Z", "user": 1, "content_type": 13, "object_id": "5", "object_repr": "Luke Skywalker", "action_flag": 1, "change_message": "[{\"added\": {}}]"}}, {"model": "admin.logentry", "pk": 40, "fields": {"action_time": "2021-04-10T16:54:52.125Z", "user": 1, "content_type": 13, "object_id": "6", "object_repr": "Stormtroopers Unit", "action_flag": 1, "change_message": "[{\"added\": {}}]"}}, {"model": "admin.logentry", "pk": 41, "fields": {"action_time": "2021-04-10T16:58:00.610Z", "user": 1, "content_type": 13, "object_id": "7", "object_repr": "Chaos Lord", "action_flag": 1, "change_message": "[{\"added\": {}}]"}}, {"model": "admin.logentry", "pk": 42, "fields": {"action_time": "2021-04-10T16:58:14.965Z", "user": 1, "content_type": 13, "object_id": "7", "object_repr": "Chaos Lord", "action_flag": 2, "change_message": "[{\"changed\": {\"fields\": [\"Sku\"]}}]"}}, {"model": "admin.logentry", "pk": 43, "fields": {"action_time": "2021-04-10T17:02:39.149Z", "user": 1, "content_type": 13, "object_id": "8", "object_repr": "Necron Overlord", "action_flag": 1, "change_message": "[{\"added\": {}}]"}}, {"model": "admin.logentry", "pk": 44, "fields": {"action_time": "2021-04-10T17:05:34.369Z", "user": 1, "content_type": 13, "object_id": "9", "object_repr": "Commissar Yarrick", "action_flag": 1, "change_message": "[{\"added\": {}}]"}}, {"model": "admin.logentry", "pk": 45, "fields": {"action_time": "2021-04-10T17:08:08.846Z", "user": 1, "content_type": 13, "object_id": "10", "object_repr": "Rebel Troopers Unit", "action_flag": 1, "change_message": "[{\"added\": {}}]"}}, {"model": "admin.logentry", "pk": 46, "fields": {"action_time": "2021-04-10T17:08:21.542Z", "user": 1, "content_type": 13, "object_id": "10", "object_repr": "Rebel Troopers Unit", "action_flag": 2, "change_message": "[{\"changed\": {\"fields\": [\"Price\"]}}]"}}, {"model": "admin.logentry", "pk": 47, "fields": {"action_time": "2021-04-10T17:34:41.238Z", "user": 1, "content_type": 13, "object_id": "1", "object_repr": "Primaris Captain", "action_flag": 2, "change_message": "[{\"changed\": {\"fields\": [\"Image\"]}}]"}}, {"model": "admin.logentry", "pk": 48, "fields": {"action_time": "2021-04-10T17:34:54.951Z", "user": 1, "content_type": 13, "object_id": "1", "object_repr": "Primaris Captain", "action_flag": 2, "change_message": "[{\"changed\": {\"fields\": [\"Image\"]}}]"}}, {"model": "admin.logentry", "pk": 49, "fields": {"action_time": "2021-04-10T17:35:22.582Z", "user": 1, "content_type": 13, "object_id": "1", "object_repr": "Primaris Captain", "action_flag": 2, "change_message": "[{\"changed\": {\"fields\": [\"Image\"]}}]"}}, {"model": "admin.logentry", "pk": 50, "fields": {"action_time": "2021-04-10T17:36:33.536Z", "user": 1, "content_type": 13, "object_id": "2", "object_repr": "Primaris Chaplain", "action_flag": 2, "change_message": "[{\"changed\": {\"fields\": [\"Image\"]}}]"}}, {"model": "admin.logentry", "pk": 51, "fields": {"action_time": "2021-04-10T17:36:49.180Z", "user": 1, "content_type": 13, "object_id": "3", "object_repr": "Primaris Intercessors", "action_flag": 2, "change_message": "[{\"changed\": {\"fields\": [\"Image\"]}}]"}}, {"model": "admin.logentry", "pk": 52, "fields": {"action_time": "2021-04-10T17:36:55.688Z", "user": 1, "content_type": 13, "object_id": "4", "object_repr": "Darth Vader", "action_flag": 2, "change_message": "[{\"changed\": {\"fields\": [\"Image\"]}}]"}}, {"model": "admin.logentry", "pk": 53, "fields": {"action_time": "2021-04-10T17:37:03.861Z", "user": 1, "content_type": 13, "object_id": "5", "object_repr": "Luke Skywalker", "action_flag": 2, "change_message": "[{\"changed\": {\"fields\": [\"Image\"]}}]"}}, {"model": "admin.logentry", "pk": 54, "fields": {"action_time": "2021-04-10T17:37:09.528Z", "user": 1, "content_type": 13, "object_id": "6", "object_repr": "Stormtroopers Unit", "action_flag": 2, "change_message": "[{\"changed\": {\"fields\": [\"Image\"]}}]"}}, {"model": "admin.logentry", "pk": 55, "fields": {"action_time": "2021-04-10T17:37:54.089Z", "user": 1, "content_type": 13, "object_id": "10", "object_repr": "Rebel Troopers Unit", "action_flag": 2, "change_message": "[{\"changed\": {\"fields\": [\"Image\"]}}]"}}, {"model": "admin.logentry", "pk": 56, "fields": {"action_time": "2021-04-10T17:38:10.379Z", "user": 1, "content_type": 13, "object_id": "6", "object_repr": "Stormtroopers Unit", "action_flag": 2, "change_message": "[{\"changed\": {\"fields\": [\"Image\"]}}]"}}, {"model": "admin.logentry", "pk": 57, "fields": {"action_time": "2021-04-10T17:38:25.036Z", "user": 1, "content_type": 13, "object_id": "1", "object_repr": "Primaris Captain", "action_flag": 2, "change_message": "[{\"changed\": {\"fields\": [\"Image\"]}}]"}}, {"model": "admin.logentry", "pk": 58, "fields": {"action_time": "2021-04-10T17:38:33.767Z", "user": 1, "content_type": 13, "object_id": "2", "object_repr": "Primaris Chaplain", "action_flag": 2, "change_message": "[{\"changed\": {\"fields\": [\"Image\"]}}]"}}, {"model": "admin.logentry", "pk": 59, "fields": {"action_time": "2021-04-10T17:38:59.396Z", "user": 1, "content_type": 13, "object_id": "3", "object_repr": "Primaris Intercessors", "action_flag": 2, "change_message": "[{\"changed\": {\"fields\": [\"Sku\"]}}]"}}, {"model": "admin.logentry", "pk": 60, "fields": {"action_time": "2021-04-10T17:39:13.366Z", "user": 1, "content_type": 13, "object_id": "4", "object_repr": "Darth Vader", "action_flag": 2, "change_message": "[{\"changed\": {\"fields\": [\"Image\"]}}]"}}, {"model": "admin.logentry", "pk": 61, "fields": {"action_time": "2021-04-10T17:39:22.847Z", "user": 1, "content_type": 13, "object_id": "5", "object_repr": "Luke Skywalker", "action_flag": 2, "change_message": "[{\"changed\": {\"fields\": [\"Image\"]}}]"}}, {"model": "admin.logentry", "pk": 62, "fields": {"action_time": "2021-04-10T17:49:03.588Z", "user": 1, "content_type": 13, "object_id": "11", "object_repr": "Magnus the Red", "action_flag": 1, "change_message": "[{\"added\": {}}]"}}, {"model": "admin.logentry", "pk": 63, "fields": {"action_time": "2021-04-12T15:46:21.030Z", "user": 1, "content_type": 13, "object_id": "7", "object_repr": "Chaos Lord", "action_flag": 2, "change_message": "[{\"changed\": {\"fields\": [\"Has factions\"]}}]"}}, {"model": "admin.logentry", "pk": 64, "fields": {"action_time": "2021-04-17T12:32:49.097Z", "user": 1, "content_type": 17, "object_id": "2", "object_repr": "D1A0F15EF28542D9903A3AA6A66BCF0A", "action_flag": 3, "change_message": ""}}, {"model": "admin.logentry", "pk": 65, "fields": {"action_time": "2021-04-17T12:32:49.124Z", "user": 1, "content_type": 17, "object_id": "1", "object_repr": "F0270090BD024564B2C65201B6439769", "action_flag": 3, "change_message": ""}}, {"model": "admin.logentry", "pk": 66, "fields": {"action_time": "2021-04-17T13:12:21.543Z", "user": 1, "content_type": 17, "object_id": "4", "object_repr": "916D074D41CC4DA5B0B837550D9BC72D", "action_flag": 3, "change_message": ""}}, {"model": "admin.logentry", "pk": 67, "fields": {"action_time": "2021-04-17T13:12:44.668Z", "user": 1, "content_type": 17, "object_id": "3", "object_repr": "41D06C790B4A4AECB97CDF795103CE61", "action_flag": 3, "change_message": ""}}, {"model": "admin.logentry", "pk": 68, "fields": {"action_time": "2021-04-17T15:32:22.686Z", "user": 1, "content_type": 17, "object_id": "5", "object_repr": "8E634F6B03634562A4B8C78E901079A8", "action_flag": 2, "change_message": "[{\"added\": {\"name\": \"order line item\", \"object\": \"SKU LK-SKWLKR-REB-SWL-FFG on order 8E634F6B03634562A4B8C78E901079A8\"}}]"}}, {"model": "admin.logentry", "pk": 69, "fields": {"action_time": "2021-04-17T15:32:33.499Z", "user": 1, "content_type": 17, "object_id": "5", "object_repr": "8E634F6B03634562A4B8C78E901079A8", "action_flag": 2, "change_message": "[{\"changed\": {\"name\": \"order line item\", \"object\": \"SKU LK-SKWLKR-REB-SWL-FFG on order 8E634F6B03634562A4B8C78E901079A8\", \"fields\": [\"Quantity\"]}}]"}}, {"model": "admin.logentry", "pk": 70, "fields": {"action_time": "2021-04-17T15:33:16.618Z", "user": 1, "content_type": 17, "object_id": "5", "object_repr": "8E634F6B03634562A4B8C78E901079A8", "action_flag": 2, "change_message": "[]"}}, {"model": "admin.logentry", "pk": 71, "fields": {"action_time": "2021-04-17T15:33:37.873Z", "user": 1, "content_type": 17, "object_id": "5", "object_repr": "8E634F6B03634562A4B8C78E901079A8", "action_flag": 2, "change_message": "[{\"deleted\": {\"name\": \"order line item\", \"object\": \"SKU PRI-CAP-ADE-WAR on order 8E634F6B03634562A4B8C78E901079A8\"}}]"}}, {"model": "admin.logentry", "pk": 72, "fields": {"action_time": "2021-04-17T15:34:16.142Z", "user": 1, "content_type": 17, "object_id": "5", "object_repr": "8E634F6B03634562A4B8C78E901079A8", "action_flag": 2, "change_message": "[{\"deleted\": {\"name\": \"order line item\", \"object\": \"SKU LK-SKWLKR-REB-SWL-FFG on order 8E634F6B03634562A4B8C78E901079A8\"}}]"}}, {"model": "admin.logentry", "pk": 73, "fields": {"action_time": "2021-04-19T15:01:28.713Z", "user": 1, "content_type": 8, "object_id": "1", "object_repr": "kotsikn@gmail.com", "action_flag": 2, "change_message": "[{\"changed\": {\"fields\": [\"Verified\", \"Primary\"]}}]"}}, {"model": "admin.logentry", "pk": 74, "fields": {"action_time": "2021-04-19T19:39:23.450Z", "user": 1, "content_type": 17, "object_id": "14", "object_repr": "8C33AB5EF95344CB84590019657A70AE", "action_flag": 3, "change_message": ""}}, {"model": "admin.logentry", "pk": 75, "fields": {"action_time": "2021-04-19T19:39:44.399Z", "user": 1, "content_type": 17, "object_id": "13", "object_repr": "9B9FE4C98E6746B1A6222F3CA152A7CD", "action_flag": 3, "change_message": ""}}, {"model": "admin.logentry", "pk": 76, "fields": {"action_time": "2021-04-20T10:32:37.027Z", "user": 1, "content_type": 8, "object_id": "2", "object_repr": "test@test.com", "action_flag": 2, "change_message": "[{\"changed\": {\"fields\": [\"Primary\"]}}]"}}, {"model": "admin.logentry", "pk": 77, "fields": {"action_time": "2021-04-20T11:00:53.897Z", "user": 1, "content_type": 13, "object_id": "12", "object_repr": "Sequitors", "action_flag": 2, "change_message": "[{\"changed\": {\"fields\": [\"Gamesys\"]}}]"}}, {"model": "admin.logentry", "pk": 78, "fields": {"action_time": "2021-04-20T11:01:16.145Z", "user": 1, "content_type": 13, "object_id": "1", "object_repr": "Primaris Captain", "action_flag": 2, "change_message": "[{\"changed\": {\"fields\": [\"Sku\"]}}]"}}, {"model": "admin.logentry", "pk": 79, "fields": {"action_time": "2021-04-20T11:01:28.476Z", "user": 1, "content_type": 13, "object_id": "2", "object_repr": "Primaris Chaplain", "action_flag": 2, "change_message": "[{\"changed\": {\"fields\": [\"Sku\"]}}]"}}, {"model": "admin.logentry", "pk": 80, "fields": {"action_time": "2021-04-20T11:01:39.210Z", "user": 1, "content_type": 13, "object_id": "3", "object_repr": "Primaris Intercessors", "action_flag": 2, "change_message": "[{\"changed\": {\"fields\": [\"Sku\"]}}]"}}, {"model": "admin.logentry", "pk": 81, "fields": {"action_time": "2021-04-22T07:35:22Z", "user": 1, "content_type": 20, "object_id": "1", "object_repr": "CODE01", "action_flag": 1, "change_message": "[{\"added\": {}}]"}}, {"model": "admin.logentry", "pk": 82, "fields": {"action_time": "2021-04-22T08:32:28.672Z", "user": 1, "content_type": 20, "object_id": "1", "object_repr": "CODE01", "action_flag": 3, "change_message": ""}}, {"model": "admin.logentry", "pk": 83, "fields": {"action_time": "2021-04-22T08:39:27.912Z", "user": 1, "content_type": 20, "object_id": "1", "object_repr": "first_order_code", "action_flag": 1, "change_message": "[{\"added\": {}}]"}}, {"model": "admin.logentry", "pk": 84, "fields": {"action_time": "2021-04-22T14:49:46.335Z", "user": 1, "content_type": 21, "object_id": "1", "object_repr": "Stormtroopers Unit", "action_flag": 1, "change_message": "[{\"added\": {}}]"}}, {"model": "admin.logentry", "pk": 85, "fields": {"action_time": "2021-04-22T15:02:46.034Z", "user": 1, "content_type": 21, "object_id": "2", "object_repr": "Primaris Intercessors", "action_flag": 1, "change_message": "[{\"added\": {}}]"}}, {"model": "admin.logentry", "pk": 86, "fields": {"action_time": "2021-04-22T22:08:38.331Z", "user": 1, "content_type": 19, "object_id": "2", "object_repr": "admin", "action_flag": 1, "change_message": "[{\"added\": {}}]"}}, {"model": "admin.logentry", "pk": 87, "fields": {"action_time": "2021-04-22T22:10:18.909Z", "user": 1, "content_type": 19, "object_id": "2", "object_repr": "admin", "action_flag": 2, "change_message": "[{\"changed\": {\"fields\": [\"Default phone number\", \"Default street address1\", \"Default street address2\", \"Default town or city\", \"Default county\", \"Default postcode\", \"Default country\"]}}]"}}, {"model": "admin.logentry", "pk": 88, "fields": {"action_time": "2021-04-22T22:16:36.424Z", "user": 1, "content_type": 19, "object_id": "2", "object_repr": "admin", "action_flag": 2, "change_message": "[{\"changed\": {\"fields\": [\"Default full name\", \"Default email\"]}}]"}}, {"model": "admin.logentry", "pk": 89, "fields": {"action_time": "2021-04-22T22:16:55.676Z", "user": 1, "content_type": 19, "object_id": "1", "object_repr": "testuser", "action_flag": 2, "change_message": "[{\"changed\": {\"fields\": [\"Default full name\", \"Default email\"]}}]"}}, {"model": "admin.logentry", "pk": 90, "fields": {"action_time": "2021-04-22T22:30:54.917Z", "user": 1, "content_type": 21, "object_id": "1", "object_repr": "Stormtroopers Unit", "action_flag": 3, "change_message": ""}}, {"model": "admin.logentry", "pk": 91, "fields": {"action_time": "2021-04-22T22:30:54.936Z", "user": 1, "content_type": 21, "object_id": "2", "object_repr": "Primaris Intercessors", "action_flag": 3, "change_message": ""}}, {"model": "admin.logentry", "pk": 92, "fields": {"action_time": "2021-04-22T22:30:54.966Z", "user": 1, "content_type": 21, "object_id": "3", "object_repr": "Rebel Troopers Unit", "action_flag": 3, "change_message": ""}}, {"model": "admin.logentry", "pk": 93, "fields": {"action_time": "2021-04-22T22:30:54.984Z", "user": 1, "content_type": 21, "object_id": "4", "object_repr": "Sequitors", "action_flag": 3, "change_message": ""}}, {"model": "auth.user", "pk": 1, "fields": {"password": "pbkdf2_sha256$216000$S4kxXHWatSSW$sTzGQRcEpK+eW7G5Nnh9JXk3rgd6+dDJe2gwFtDoGq8=", "last_login": "2021-04-22T22:21:53.684Z", "is_superuser": true, "username": "admin", "first_name": "", "last_name": "", "email": "kotsikn@gmail.com", "is_staff": true, "is_active": true, "date_joined": "2021-04-09T15:26:25.807Z", "groups": [], "user_permissions": []}}, {"model": "auth.user", "pk": 2, "fields": {"password": "pbkdf2_sha256$216000$N8EEdWKnSI42$A7UvmkhAiyfUYguxt4hsT4uAZ2RsaSUdCtBuVYC7MBs=", "last_login": "2021-04-23T04:39:18.564Z", "is_superuser": false, "username": "testuser", "first_name": "", "last_name": "", "email": "test@test.com", "is_staff": false, "is_active": true, "date_joined": "2021-04-19T15:19:53.844Z", "groups": [], "user_permissions": []}}, {"model": "sessions.session", "pk": "1w7tnuut9p87cofbq52hoha7js45752q", "fields": {"session_data": "e30:1lYZPt:soxR1yJqV6zX9FxNHpyJ6OFu4zV_D5FqIRS9AlQbfnI", "expire_date": "2021-05-03T19:18:41.497Z"}}, {"model": "sessions.session", "pk": "220eiajwp4d5s1uu4b07wemwetsx9847", "fields": {"session_data": "e30:1lYnda:2Oc4ZgCGXD-1d_PDG1QRLx3WKPCTpHdlejSJItjiHic", "expire_date": "2021-05-04T10:29:46.309Z"}}, {"model": "sessions.session", "pk": "25trk0h03g8ri5tw53ddy04k837hwvv9", "fields": {"session_data": "e30:1lYZj6:ohBImMXvmAYgDJT00KcKeTKEoTn0DeqcX4LctxmneRw", "expire_date": "2021-05-03T19:38:32.216Z"}}, {"model": "sessions.session", "pk": "3m3jp12j49hddskrg92r4561nr7ihb5k", "fields": {"session_data": "e30:1lYZQK:P-GWATg7m2y9O67Ii3BLFVBSgbtoJ50tEOj6pySS4iQ", "expire_date": "2021-05-03T19:19:08.698Z"}}, {"model": "sessions.session", "pk": "78hq7x3wgzscy25t12nas801pl12p6sj", "fields": {"session_data": ".eJxVjssOwiAURP-FtSFQXqVL934DuVyuFjVgSptojP-uNV3ods6ZyTxZgGUew9JoCjmxgXVs95tFwAuVFaQzlFPlWMs85chXhW-08UNNdN1v7t_ACG38tKOA2FlQIDUasEJj8skiaKPI9b3wpnfW0ZEUSkAjVey81dFpBUZ6-X3VqLVcS6D7LU8PNojXG4U-PqM:1lZnb4:DHdGfh_gf1qe2gGykb1fuHG038CSZ7KkXp86GxnKGSI", "expire_date": "2021-05-07T04:39:18.764Z"}}, {"model": "sessions.session", "pk": "8vjq3nb3dj7y8zjj5ilao5wdb3tscg0c", "fields": {"session_data": "e30:1lYZdo:pPzmA2FOH7leZpVGqwFfT0hGa97ro_PtrnkUQgZQtqA", "expire_date": "2021-05-03T19:33:04.860Z"}}, {"model": "sessions.session", "pk": "988xca97mlayzph3pdfnhmiinulnbvv5", "fields": {"session_data": ".eJxVjssOgjAURP_lrgmh9AF06d5vaG7bq1RNa1owGsK_K4aFbuecmcwCBudpNHOhbIIHDS1Uv5lFd6W4AX_BeE61S3HKwdabUu-01Mfk6XbY3b-BEcv4adsGbauQIxNOomqE84NXDoXk1PV9M8i-Ux2diDuGTjJu20EJ2wmOkg3s-6pQKSFFQ897yC_QTQUFH2RCPCXQU56pAod5Ar1AD5qt6xsHO0j6:1lYa4W:Id6K3cpFqqCx3SSIDiksr1qLSak6AdxWOZi7Wf73sEE", "expire_date": "2021-05-03T20:00:40.936Z"}}, {"model": "sessions.session", "pk": "9budozjk3gg3cl1aaokyae7gz4ykfsi8", "fields": {"session_data": ".eJyrVkpOLCpRsqpWMgcRmSWpucXxSZXxaYnJJZn5eSCxxJyCjMSc1HQw11BHqTy_KCUpNbEotagYyK-t1VEyxKW1ODEnMTcxLwWmtLYWAJisJ6s:1lVzc2:gGfg6-EVLbwAPVE9M_qWapQsiEHdvYxgBoULL_wuftg", "expire_date": "2021-04-26T16:40:34.774Z"}}, {"model": "sessions.session", "pk": "ac94vecm83iqp78g3ymvlugxm92wmd0d", "fields": {"session_data": "eyJjYXJ0Ijp7IjEiOjN9fQ:1lWJGC:xIfVrgzuqpwJb28aSIafUVR_2hnn8NyUsWPAZkON4bQ", "expire_date": "2021-04-27T13:39:20.979Z"}}, {"model": "sessions.session", "pk": "af3sa2i4su5fmrgm0ksa4cgzdiyvx3s4", "fields": {"session_data": "eyJjYXJ0Ijp7IjMiOnsiaXRlbXNfYnlfZmFjdGlvbiI6eyJkYXJrJTIwYW5nZWxzIjoxfX19fQ:1lW025:iWSxSXie66w4knsxWIihVyk70ywmsAsfrIgfC57w6UM", "expire_date": "2021-04-26T17:07:29.317Z"}}, {"model": "sessions.session", "pk": "bm8jslww8t0heptu29ab283bqq297926", "fields": {"session_data": ".eJyrVkpOLCpRsqpWMgcRmSWpucXxSZXxaYnJJZn5eSCxxJyCjMT4nNR0MN-wFggAAy4TbQ:1lW0N0:VisY06Kga73seEO6vYZxDwHkh8p7pnKf6fsaKxuAHpE", "expire_date": "2021-04-26T17:29:06.112Z"}}, {"model": "sessions.session", "pk": "ca5egn44pxli0l9a2vurpiagweitzz08", "fields": {"session_data": "e30:1lYZQ1:-r0WxODvVMoWYCZ7XzEwLTRZYFbJD7GuzHF5C-KmcHI", "expire_date": "2021-05-03T19:18:49.885Z"}}, {"model": "sessions.session", "pk": "cofdqylco42umgn7vney9ibuiossk52b", "fields": {"session_data": ".eJxVjMEOwiAQBf-FsyHQstD26N1vIAtLLWrAQJtojP-uJD3o9c3MezGL27rYrYZiI7GJSXb43Rz6a0gN0AXTOXOf01qi403hO638lCncjrv7d7BgXb41KOO1Mx6FkDMpCkAa5GgGIQmVkUr7HhyZGXWQ0ME4ejNQB6B73ap2WkOtMScbHvdYnmwS7w9zeT6G:1lZDDE:8DJMXRXeoW8sBR76eL8gAUEWpvmW21ZhJeaPdxFAO0s", "expire_date": "2021-05-05T13:48:16.061Z"}}, {"model": "sessions.session", "pk": "cppbe2d5h1h7uzbaabj05lz86nvriayu", "fields": {"session_data": "e30:1lZGE2:cfN4tT2roMoFS7fxRvXD30MLjLUUIzOPssJMzamIeb4", "expire_date": "2021-05-05T17:01:18.962Z"}}, {"model": "sessions.session", "pk": "d62x9cj0he2iupgv2p2lvv7fabyq7cyl", "fields": {"session_data": ".eJyrVkpOLCpRsqpWMgQRmSWpucXxSZXxaYnJJZn5eSCx0pySosTcxKLMvNRiJStDHaXM3ILUoszEnPi0zOISkFBtrY6SJZgGAFFuG2U:1lVzMF:THN7NbPEH1wdxMh3mQ_Nsvef7pr5MZoixSr0FmvwIoQ", "expire_date": "2021-04-26T16:24:15.765Z"}}, {"model": "sessions.session", "pk": "hc50snohl4fxutmirrwpje0jxg6ywm5h", "fields": {"session_data": "eyJjYXJ0Ijp7IjciOnsiaXRlbXNfYnlfZmFjdGlvbiI6eyI8cD5BbHBoYTwvcD48Yj5MZWdpb248L2I-IjoxfX19fQ:1lW0TM:Rsu2lP6B8IuMz4B9vq4wR0Cg4XLnrDxDyQzEZUognYI", "expire_date": "2021-04-26T17:35:40.175Z"}}, {"model": "sessions.session", "pk": "how7tpp14fiw8adz707lh7tu4y2g5wo6", "fields": {"session_data": "e30:1lZACB:70e2g-wbSLmGfPwCHJMCNo4Anfw6kYpioAnGIxKP-io", "expire_date": "2021-05-05T10:34:59.887Z"}}, {"model": "sessions.session", "pk": "k767bt4m3te98es0k48x8aoi1mmrjfor", "fields": {"session_data": "eyJjYXJ0Ijp7IjciOjF9fQ:1lWJgn:ufEsk_ccMCuSMWlHco-Iei73gkxmHuGqzkw9spX4CxY", "expire_date": "2021-04-27T14:06:49.463Z"}}, {"model": "sessions.session", "pk": "mv24kyfdh8iemcqh0a7xwi5f10tz7ic7", "fields": {"session_data": "eyJjYXJ0Ijp7IjMiOjF9fQ:1lWJPq:J3NCo1M8uE1OsjqBZ-6osjaTRMHPvX4E9cQXuCFPR54", "expire_date": "2021-04-27T13:49:18.579Z"}}, {"model": "sessions.session", "pk": "n059m9mbc6jtyw52px728g9bnivpdbua", "fields": {"session_data": "eyJjYXJ0Ijp7IjEiOnsiaXRlbXNfYnlfZmFjdGlvbiI6eyJibGFja3RlbXBsYXJzIjoxfX19fQ:1lVzeN:L022cY7AbbhV_Gwhl7bS__jh4riO5AO1aeGdURIukuE", "expire_date": "2021-04-26T16:42:59.775Z"}}, {"model": "sessions.session", "pk": "pv7ped31xqjrv5z0u1n9c0hxw2e9vt8t", "fields": {"session_data": "e30:1lZTo7:SFj3sl08P09Q6Wymn61DuTRgK1JB5drML7_RkkxAxK0", "expire_date": "2021-05-06T07:31:27.050Z"}}, {"model": "sessions.session", "pk": "q6p2qp6aqlgmpkev7tq9g4pn56wgztvl", "fields": {"session_data": "eyJjYXJ0Ijp7IjQiOjF9fQ:1lWLby:eNeCr9GaD4Ylb08HJWK-LawIjaUIabCGNcqLWlfbIPM", "expire_date": "2021-04-27T16:09:58.410Z"}}, {"model": "sessions.session", "pk": "qkc5ckqcsokh1p5esfh6bmyc9uh9copm", "fields": {"session_data": "e30:1lYZVV:-F0_5f6_BIu6rENZ691I5YklY7QDmQPfq-gH2NVL-nU", "expire_date": "2021-05-03T19:24:29.885Z"}}, {"model": "sessions.session", "pk": "qt34t6xwll7q4ah6m095mkzdgkpalqma", "fields": {"session_data": "eyJfc2Vzc2lvbl9leHBpcnkiOjB9:1lYVO2:zcQuV6ONltSDfonDxbzJXxwPvaz_YC3p1RsjGv_iupA", "expire_date": "2021-05-03T15:00:30.395Z"}}, {"model": "sessions.session", "pk": "sijt41n1k13s6xl817jmpmn9337c2xtp", "fields": {"session_data": "eyJjYXJ0Ijp7IjgiOjEsIjQiOjF9fQ:1lWJtc:7m93vVGC9J5SJhHiY6SigI8qynSq05HjeJrzAqI9-Pw", "expire_date": "2021-04-27T14:20:04.148Z"}}, {"model": "sessions.session", "pk": "tw4uk5xlhxbs93150bpfk517e3fqaqdv", "fields": {"session_data": "e30:1lYZRb:-RJa6ikFxhDaK6ngl4b6M8Eh8R6UMIqVwtapGh0wct0", "expire_date": "2021-05-03T19:20:27.462Z"}}, {"model": "sessions.session", "pk": "uwydp4o3118q263s95g1ptkb1lqg9vx3", "fields": {"session_data": ".eJxVjMEOwiAQBf-FsyHQstD26N1vIAtLLWrAQJtojP-uJD3o9c3MezGL27rYrYZiI7GJSXb43Rz6a0gN0AXTOXOf01qi403hO638lCncjrv7d7BgXb41KOO1Mx6FkDMpCkAa5GgGIQmVkUr7HhyZGXWQ0ME4ejNQB6B73ap2WkOtMScbHvdYnmwS7w9zeT6G:1lZGs8:wdf1dgcmwo0nlaC5oPL0TQfkcNGwO9f-pWDKteStA0U", "expire_date": "2021-05-05T17:42:44.712Z"}}, {"model": "sessions.session", "pk": "wskrh7db5xu3rcb18huoixuft267bmgn", "fields": {"session_data": ".eJyrVkpOLCpRsqpWMgcRmSWpucXxSZXxaYnJJZn5eSAxmwI7x5yCjEQb_QI7BZskO5_UdKCMjX6SnZKVoQ5I2jW3ILUov0i9GKbEOSMzJ6UoFaaotlZHyRCP8Z5FIPMgWj0S81KK4fpqawGezDSB:1lWGIN:z9GpO58oXcWzcFgG6hPGURWU7kYgD4KFw1PHxODU5UM", "expire_date": "2021-04-27T10:29:23.926Z"}}, {"model": "sessions.session", "pk": "ypzn49ixlhlrdlmgq53qzs5xhy2wejcb", "fields": {"session_data": ".eJxVjr0OgzAQg9_lZhSRkEsgY3eeAV3uQqGtQOJnQrx7g8TQLh7sz5YP6Gjfhm5f09KNAgE0FL9eJH6n6QrkRdNzVjxP2zJGdSHqTlfVzpI-j5v9GxhoHXIbrWcXPVNZ6l6sJBSHuvF1qYWs19ZxhVF8Ty5pNNg07GsxiK5yVyuPMi0bhCM_DKYAA0EXUGU9zy8DAz2R:1lVeTj:bvlb8ed5OBm9MK-BIbGvkMBlNgHKzeqHy6KScUNZQRc", "expire_date": "2021-04-25T18:06:35.558Z"}}, {"model": "sites.site", "pk": 1, "fields": {"domain": "example.com", "name": "example.com"}}, {"model": "account.emailaddress", "pk": 1, "fields": {"user": 1, "email": "kotsikn@gmail.com", "verified": true, "primary": true}}, {"model": "account.emailaddress", "pk": 2, "fields": {"user": 2, "email": "test@test.com", "verified": true, "primary": false}}, {"model": "miniatures.gamingsystem", "pk": 1, "fields": {"name": "warhammer_40k", "friendly_name": "Warhammer 40,000"}}, {"model": "miniatures.gamingsystem", "pk": 2, "fields": {"name": "star_wars_legion", "friendly_name": "Star Wars: Legion"}}, {"model": "miniatures.gamingsystem", "pk": 3, "fields": {"name": "wh_aos", "friendly_name": "Warhammer: Age of Sigmar"}}, {"model": "miniatures.army", "pk": 1, "fields": {"name": "adeptus_astartes", "friendly_name": "Adeptus Astartes"}}, {"model": "miniatures.army", "pk": 2, "fields": {"name": "necrons", "friendly_name": "Necrons"}}, {"model": "miniatures.army", "pk": 3, "fields": {"name": "chaos", "friendly_name": "Chaos"}}, {"model": "miniatures.army", "pk": 5, "fields": {"name": "galactic_empire", "friendly_name": "Galactic Empire"}}, {"model": "miniatures.army", "pk": 6, "fields": {"name": "rebel_alliance", "friendly_name": "Rebel Alliance"}}, {"model": "miniatures.army", "pk": 7, "fields": {"name": "astra_militarum", "friendly_name": "Astra Militarum"}}, {"model": "miniatures.army", "pk": 8, "fields": {"name": "strmcast_etrnls", "friendly_name": "Stormcast Eternals"}}, {"model": "miniatures.miniature", "pk": 3, "fields": {"gamesys": 1, "sku": "PRI-INTRCS-ADE-WH40K-GW", "name": "Primaris Intercessors", "manufacturer": "Games Workshop Ltd.", "army": 1, "has_factions": true, "description": "A strong core of reliable and adaptable warriors that can lay down fire while advancing or holding down terrain is an invaluable aid to any tactician. In the case of strike forces bolstered by Primaris battle-brothers, this role is fulfilled by the Intercessor Squads. Capable of leveling overlapping salvoes of firepower, these squads often form the flexible fighting core of newly-founded Primaris Chapters – though of course many established Chapters have eagerly leveraged their abilities, fielding them alongside Tactical Squads.\r\n\r\nThis multi-part plastic kit contains the components necessary to assemble a set of 10 Primaris Intercessors. Wearing Mk X Tacticus armor in order to take advantage of its protection and mobility, they prove to be reliable and adaptable warriors, each armed with bolt rifles. Their bolt rifles can be 1 of 3 variants – the standard bolt rifle with sickle magazine, auto bolt rifle with overcharger and box magazine, or stalker bolt rifle with longer-range sight and straight magazine. There are 16 right-hand shoulder pads decorated with the iconography of the Intercessors – enough to cover each of the variant arms, including 2 with an open radio panel, 2 gesturing for their squad to halt, 2 holding combat knives and 2 firing bolt pistols. There are a total of 24 different heads available in this kit, covering helmeted and bare options.\r\n\r\nThe models can be assembled as either a 10-man squad, a squad of 9 Intercessors with a Sergeant or 2 separate 5-man squads, each with a Sergeant of their own. The Sergeants feature unique heads, with a helmet mag-locked to their belt, and unique tilting plates to help them stand out.\r\n\r\nReflecting their battlefield versatility, the Intercessors come with lots of extra details to be added to their armor – 12 pistol holsters (2 empty, for the Intercessors actually wielding them), 10 ammunition and grenade pouches, 6 combat knife scabbards (4 empty), 4 single grenade pouches and 4 bolt pistol ammunition pouches.\r\n\r\nThe Primaris Intercessors come as 266 components, and are supplied with 10 Citadel 32mm Round bases and a transfer sheet.", "date_added": "2021-04-10T16:46:39.079Z", "itemcount": 10, "stock": 5, "price": "135.00", "image_url": "https://www.games-workshop.com/resources/catalog/product/248x256/99120101190_PrimarisIntercessors01.jpg", "image": "99120101190_PrimarisIntercessors01.jpg"}}, {"model": "miniatures.miniature", "pk": 4, "fields": {"gamesys": 2, "sku": "DRTH-VDR-EMP-SWL-FFG", "name": "Darth Vader", "manufacturer": "Fantasy Flight Games", "army": 5, "has_factions": false, "description": "Hunt the last vestiges of the Jedi order with the highly detailed Darth Vader miniature featured in this expansion! Depicted marching forward with his lightsaber menacingly raised to strike down his foes, Darth Vader is sure to terrorize any opponent.", "date_added": "2021-04-10T16:51:46.454Z", "itemcount": 1, "stock": 3, "price": "35.00", "image_url": "https://images-cdn.fantasyflightgames.com/filer_public/2e/8a/2e8a0702-291c-46b2-8508-735ae65a699c/swl57_300x300.png", "image": "swl57_darth-vader.png"}}, {"model": "miniatures.miniature", "pk": 5, "fields": {"gamesys": 2, "sku": "LK-SKWLKR-REB-SWL-FFG", "name": "Luke Skywalker", "manufacturer": "Fantasy Flight Games", "army": 6, "has_factions": false, "description": "Restore hope to the galaxy as the first new Jedi in a generation with the Luke Skywalker miniature featured in this expansion pack, depicted wielding his newly-constructed lightsaber!", "date_added": "2021-04-10T16:53:34.891Z", "itemcount": 1, "stock": 2, "price": "35.00", "image_url": "https://images-cdn.fantasyflightgames.com/filer_public/8c/28/8c282c00-d66a-47dc-b286-e27ae7b48b94/jedi-luke-skywalker_cropped.png", "image": "jedi-luke-skywalker_cropped.png"}}, {"model": "miniatures.miniature", "pk": 6, "fields": {"gamesys": 2, "sku": "STRMTRP-UN-EMP-SWL-FFG", "name": "Stormtroopers Unit", "manufacturer": "Fantasy Flight Games", "army": 5, "has_factions": false, "description": "No image is more iconic and symbolic of the Empire’s power than the expressionless helmet of an Imperial Stormtrooper. These soldiers have been deployed on hundreds of worlds across the galaxy, and everywhere they go, they keep the boot of Imperial oppression firmly placed on the neck of all who resist.\r\n\r\nIn the Stormtroopers Unit Expansion, you’ll find seven Stormtrooper miniatures, identical to the ones included in the Star Wars: Legion Core Set, along with the unit card and upgrade cards that you need to add another unit of Stormtroopers to your army.s", "date_added": "2021-04-10T16:54:52.124Z", "itemcount": 7, "stock": 2, "price": "75.00", "image_url": "https://images-cdn.fantasyflightgames.com/filer_public/5f/c2/5fc266f8-1a37-42dd-ac1a-7281fc8fe30b/swl07_stormtroopers_p5.png", "image": "swl07_stormtroopers_p5.png"}}, {"model": "miniatures.miniature", "pk": 7, "fields": {"gamesys": 1, "sku": "LRD-CHA-WH40K-GW", "name": "Chaos Lord", "manufacturer": "Games Workshop Ltd.", "army": 3, "has_factions": true, "description": "A Chaos Lord is a tyrannical warrior king who lives to bathe in the blood of worlds. He strives to bring whole star systems to their knees in the name of his patron deities. Typified by merciless ambition and fierce pride, many of these champions of disorder were once noble Chapter Masters and Captains of the Adeptus Astartes, but long years of unremitting war have twisted their souls beyond recovery. \r\n\r\nThe Chaos Lord is multipart plastic kit. Previously only available in Warhammer Quest: Blackstone Fortress, the Chaos Lord is a single-posed, push-fit miniature. He is a potent HQ choice in a Chaos Space Marines army and makes for an excellent Warlord option to lead your forces. The Chaos Lord is equipped for close-ranged combat, with a powerful combination of plasma pistol and thunder hammer making him a great front-line fighter.\r\n\r\nThis kit builds one Chaos Lord. It is supplied in 6 plastic components and comes with one 40mm Citadel Round Base.", "date_added": "2021-04-10T16:58:00.609Z", "itemcount": 1, "stock": 3, "price": "90.00", "image_url": "https://www.games-workshop.com/resources/catalog/product/600x620/99070102014_CSMChaosLord01.jpg", "image": "99070102014_CSMChaosLord01.jpg"}}, {"model": "miniatures.miniature", "pk": 8, "fields": {"gamesys": 1, "sku": "OVRLRD-NEC-WH40K-GW", "name": "Necron Overlord", "manufacturer": "Games Workshop Ltd.", "army": 2, "has_factions": false, "description": "Commanding legion upon legion of deathless soldiers whose only purpose is to obey his every order, the Necron Overlord is a cold, calculating demigod. He has the pick of a multitude of arcane armaments of his ancient race – powerful artifacts that predate many of the galaxy’s greatest civilizations.\r\n\r\nThis 10-piece plastic kit makes one Necron Overlord armed with a warsycthe and resurrection orb. The model is supplied with a 40mm round base.", "date_added": "2021-04-10T17:02:39.147Z", "itemcount": 1, "stock": 1, "price": "90.00", "image_url": "https://www.games-workshop.com/resources/catalog/product/600x620/99070110004_NECOverlordLead.jpg", "image": "99070110004_NECOverlordLead.jpg"}}, {"model": "miniatures.miniature", "pk": 9, "fields": {"gamesys": 1, "sku": "CMSSR-YRK-AM-WH40K-GW", "name": "Commissar Yarrick", "manufacturer": "Games Workshop Ltd.", "army": 7, "has_factions": false, "description": "Commissar Yarrick is one of the greatest heroes in the entire Imperium. On Armageddon, it was Yarrick who inspired the Imperial Guardsmen to prodigious acts of sacrifice and courage. Indeed, so motivated were the soldiers in Yarrick's presence that not a single soldier was executed for cowardice, even in the face of overwhelming odds. It was at Hades Hive that Commissar Yarrick fought his hardest battle, and where he lost his right arm to the snapping battle klaw of an Ork Warboss. Fighting through pain and shock, Yarrick beheaded the Warboss and took that same klaw as his own, a symbol of his defiance against the Orks.\r\n\r\nThis pack contains Commissar Yarrick - a finely detailed resin cast kit that comes in three components and is supplied with a 25mm round base.", "date_added": "2021-04-10T17:05:34.368Z", "itemcount": 1, "stock": 3, "price": "50.00", "image_url": "https://www.games-workshop.com/resources/catalog/product/248x256/99800105001_YarrickNEW01.jpg", "image": "99800105001_YarrickNEW01.jpg"}}, {"model": "miniatures.miniature", "pk": 10, "fields": {"gamesys": 2, "sku": "RBL-TRP-REB-SWL-FFG", "name": "Rebel Troopers Unit", "manufacturer": "Fantasy Flight Games", "army": 6, "has_factions": false, "description": "The Rebel Troopers Unit Expansion features a full unit of seven Rebel Trooper miniatures, identical to the Rebel Troopers included in the Star Wars: Legion Core Set. This expansion also includes the unit card and an assortment of upgrade cards, inviting you to kit out your Rebel Troopers for any battlefield scenario.", "date_added": "2021-04-10T17:08:08.845Z", "itemcount": 7, "stock": 2, "price": "75.00", "image_url": "https://images-cdn.fantasyflightgames.com/filer_public/64/5b/645bd14a-8392-4a27-b346-f59274b0bf44/swl05_rebel-troopers_p5.png", "image": "swl05_rebel-troopers_p5.png"}}, {"model": "miniatures.miniature", "pk": 12, "fields": {"gamesys": 3, "sku": "SQTRS-SCET-WHAOS-GW", "name": "Sequitors", "manufacturer": "Games Workshop Ltd.", "army": 8, "has_factions": false, "description": "The line infantry of a Sacrosanct Chamber is comprised of its Sequitors, stern warriors who channel the tempest through the magical weaponry bequeathed to them by Sigmar. To be struck by such a warrior is to feel the energy of the storm discharging with thundercap force. Able to to channel magic into the armaments they carry, Sequitors specialise in switching swiftly between attack and defence, their mauls and maces capable of blasting apart gheists and daemons forever and their shields can turn aside even a Hexwraith’s ethereal scythe.", "date_added": "2021-04-20T11:00:03.986Z", "itemcount": 10, "stock": 3, "price": "150.00", "image_url": "https://www.games-workshop.com/resources/catalog/product/920x950/99120218040_StormcastSequitors01.jpg", "image": "99120218040_StormcastSequitors01.jpg"}}, {"model": "miniatures.miniature", "pk": 14, "fields": {"gamesys": 1, "sku": "PRI-CAP-ADE-WH40K-GW", "name": "Primaris Captain", "manufacturer": "Games Workshop Ltd.", "army": 1, "has_factions": true, "description": "Space Marine Captains are both superlative warriors and strategically gifted commanders who lead Space Marine companies into battle. Those Primaris Captains who favour Mk X Tacticus armour are amongst the most determined and unstoppable of their ilk, and they let nothing keep them from their duty.", "date_added": "2021-04-20T16:08:27.896Z", "itemcount": 1, "stock": 3, "price": "90.00", "image_url": "https://www.games-workshop.com/resources/catalog/product/920x950/99120101179_PrimarisCaptain01.jpg", "image": "99120101179_PrimarisCaptain01_OUz9TSG.jpg"}}, {"model": "miniatures.miniature", "pk": 16, "fields": {"gamesys": 1, "sku": "PRI-CHAP-ADE-WH40K-GW", "name": "Primaris Chaplain", "manufacturer": "Games Workshop Ltd.", "army": 1, "has_factions": true, "description": "The spiritual leaders of their Chapters, Chaplains are awe-inspiring warrior priests who administer rites, preserve rituals and perform ancient ceremonies of initiation, vindications and redemption that are as important to a Space Marine Chapter as its roll of honour or skill at arms. Every Chapter has its own Chaplain, acting as leader in both devotions and combat and second only to the company Captain in rank.", "date_added": "2021-04-21T09:16:09.884Z", "itemcount": 1, "stock": 3, "price": "90.00", "image_url": "https://www.games-workshop.com/resources/catalog/product/920x950/99120101180_PrimarisChaplain01.jpg", "image": "99120101180_PrimarisChaplain01_FoNSYHH.jpg"}}, {"model": "miniatures.miniature", "pk": 17, "fields": {"gamesys": 1, "sku": "CHA-MRNS-CHA-WH40K-GW", "name": "Chaos Space Marines", "manufacturer": "Games Workshop Ltd.", "army": 3, "has_factions": true, "description": "Not even the Space Marines are safe from the lure of Chaos. Whether they hail from the dark days of the Horus Heresy or turned traitor more recently, these baleful warriors combine their gene-given gifts with dark blessings and malefic sorceries, transformed by years of battle into fearless, superhuman reavers.\r\n\r\nChaos Space Marines are the core of any Chaos army. Equally at home shredding opponents at range with bolter fire as they are in bloody melee, these guys can be geared up for pretty much any purpose you want on the battlefield. Combined with your choice of Marks of Chaos, Chaos Icons and deadly weaponry, they've got a place in any of your army lists.", "date_added": "2021-04-21T12:53:18.889Z", "itemcount": 10, "stock": 3, "price": "134.97", "image_url": "https://www.games-workshop.com/resources/catalog/product/920x950/99120102098_CSMSquad01.jpg", "image": "99120102098_CSMSquad01.jpg"}}, {"model": "checkout.order", "pk": 5, "fields": {"order_number": "8E634F6B03634562A4B8C78E901079A8", "user_profile": null, "full_name": "fmdsfmslfslfms", "email": "sdsfsf@fsdfsfsd.com", "phone_number": "12431434242", "country": "sdfsfsdfsff", "postcode": "12313", "town_or_city": "asdasdasdada", "street_address1": "qeqeqeqeqhggdfgd", "street_address2": "daasda", "county": "aqersdcasdqwe", "date": "2021-04-17T15:31:06.484Z", "shipping_cost": "0.00", "order_total": "0.00", "grand_total": "0.00", "original_cart": "", "stripe_pid": ""}}, {"model": "checkout.order", "pk": 6, "fields": {"order_number": "B93BE9F4372C407BAF852350E597D4CD", "user_profile": null, "full_name": "test", "email": "test@test.com", "phone_number": "1234567890", "country": "Netherlands", "postcode": "12345", "town_or_city": "Someplace", "street_address1": "Somewhere 123", "street_address2": "", "county": "Anywhere", "date": "2021-04-17T16:45:21.193Z", "shipping_cost": "0.00", "order_total": "225.00", "grand_total": "225.00", "original_cart": "", "stripe_pid": ""}}, {"model": "checkout.order", "pk": 7, "fields": {"order_number": "1FE5D2674FC948B6A7D628F349BA6705", "user_profile": null, "full_name": "test", "email": "test@test.com", "phone_number": "1234567890", "country": "Netherlands", "postcode": "12345", "town_or_city": "Someplace", "street_address1": "Somewhere 123", "street_address2": "", "county": "Anywhere", "date": "2021-04-17T17:23:05.078Z", "shipping_cost": "0.00", "order_total": "180.00", "grand_total": "180.00", "original_cart": "", "stripe_pid": ""}}, {"model": "checkout.order", "pk": 8, "fields": {"order_number": "74AB288422CA4D41931F964A25F56559", "user_profile": null, "full_name": "test", "email": "test@test.com", "phone_number": "1234567890", "country": "NL", "postcode": "12345", "town_or_city": "Someplace", "street_address1": "Somewhere 123", "street_address2": "", "county": "Anywhere", "date": "2021-04-17T19:39:29.209Z", "shipping_cost": "0.00", "order_total": "100.00", "grand_total": "100.00", "original_cart": "", "stripe_pid": ""}}, {"model": "checkout.order", "pk": 9, "fields": {"order_number": "1E997FDBB9474F12B0C482CD015BE267", "user_profile": null, "full_name": "test", "email": "test@test.com", "phone_number": "1234567890", "country": "NL", "postcode": "12345", "town_or_city": "Someplace", "street_address1": "Somewhere 123", "street_address2": "", "county": "Anywhere", "date": "2021-04-18T12:41:58.098Z", "shipping_cost": "0.00", "order_total": "90.00", "grand_total": "90.00", "original_cart": "{\"8\": 1}", "stripe_pid": "pi_1IhZwKJJZSYBjHBe7rDSvJGQ"}}, {"model": "checkout.order", "pk": 10, "fields": {"order_number": "BB29968C73F34B1B8BE2E3B3EC2184CA", "user_profile": null, "full_name": "test", "email": "test@test.com", "phone_number": "1234567890", "country": "NL", "postcode": "12345", "town_or_city": "Someplace", "street_address1": "Somewhere 123", "street_address2": "", "county": "Anywhere", "date": "2021-04-18T12:48:13.696Z", "shipping_cost": "0.00", "order_total": "0.00", "grand_total": "0.00", "original_cart": "{\"1\": {\"items_by_faction\": {\"Black Templars\": 1}}}", "stripe_pid": "pi_1Iha2UJJZSYBjHBeTAGpIxKt"}}, {"model": "checkout.order", "pk": 11, "fields": {"order_number": "B906230C70D34B3F8D63AB11A9E76EFD", "user_profile": null, "full_name": "test", "email": "test@test.com", "phone_number": "1234567890", "country": "NL", "postcode": "12345", "town_or_city": "Someplace", "street_address1": "Somewhere 123", "street_address2": "", "county": "Anywhere", "date": "2021-04-18T12:52:59.726Z", "shipping_cost": "7.00", "order_total": "35.00", "grand_total": "42.00", "original_cart": "{\"4\": 1}", "stripe_pid": "pi_1Iha76JJZSYBjHBeAjQNcG7r"}}, {"model": "checkout.order", "pk": 12, "fields": {"order_number": "0FB46B1231BB458BA266CD29803F27DC", "user_profile": null, "full_name": "gdfgdgddgd", "email": "gdgdgdgdgd@ggfd.com", "phone_number": "12312312312313231", "country": "NL", "postcode": "12345", "town_or_city": "asdadad", "street_address1": "asdasda", "street_address2": "asdada", "county": "asdada", "date": "2021-04-18T13:31:36.240Z", "shipping_cost": "0.00", "order_total": "0.00", "grand_total": "0.00", "original_cart": "{\"1\": {\"items_by_faction\": {\"Black Templars\": 1}}}", "stripe_pid": "pi_1Ihai4JJZSYBjHBeabO2UFQa"}}, {"model": "checkout.order", "pk": 15, "fields": {"order_number": "0658455F7705444FB97A594CC8A16C6B", "user_profile": 1, "full_name": "sakdadsaklakda", "email": "test@test.com", "phone_number": "1234567890", "country": "NL", "postcode": "12345", "town_or_city": "Someplace", "street_address1": "Somewhere 123", "street_address2": "", "county": "Anywhere", "date": "2021-04-19T19:42:07.602Z", "shipping_cost": "0.00", "order_total": "255.00", "grand_total": "255.00", "original_cart": "{\"7\": {\"items_by_faction\": {\"Alpha Legion\": 1}}, \"8\": 1, \"6\": 1}", "stripe_pid": "pi_1Ii2yZJJZSYBjHBedYtpiqWk"}}, {"model": "checkout.order", "pk": 16, "fields": {"order_number": "8C35D4D608F042F194D67BDB0FEBFBB1", "user_profile": 1, "full_name": "test", "email": "test@test.com", "phone_number": "1234567890", "country": "NL", "postcode": "12345", "town_or_city": "Someplace", "street_address1": "Somewhere 123", "street_address2": "", "county": "Anywhere", "date": "2021-04-19T19:52:07.197Z", "shipping_cost": "0.00", "order_total": "90.00", "grand_total": "90.00", "original_cart": "{\"7\": {\"items_by_faction\": {\"Alpha Legion\": 1}}}", "stripe_pid": "pi_1Ii38NJJZSYBjHBeMk7Dn2HH"}}, {"model": "checkout.order", "pk": 17, "fields": {"order_number": "543BF65DA35245FABE5C5650B5164147", "user_profile": null, "full_name": "test", "email": "test@test.com", "phone_number": "1234567890", "country": "NL", "postcode": "12345", "town_or_city": "Someplace", "street_address1": "Somewhere 123", "street_address2": "", "county": "Anywhere", "date": "2021-04-20T07:12:39.421Z", "shipping_cost": "0.00", "order_total": "0.00", "grand_total": "0.00", "original_cart": "{\"1\": {\"items_by_faction\": {\"Crimson Fists\": 1}}}", "stripe_pid": "pi_1IiDkpJJZSYBjHBeJOCYG2k7"}}, {"model": "checkout.order", "pk": 18, "fields": {"order_number": "181B842518184BF3AAE7E86F72AF3852", "user_profile": 1, "full_name": "fdsffsf", "email": "test@test.com", "phone_number": "1234567890", "country": "NL", "postcode": "12345", "town_or_city": "Someplace", "street_address1": "Somewhere 123", "street_address2": "", "county": "Anywhere", "date": "2021-04-20T07:14:43.926Z", "shipping_cost": "0.00", "order_total": "90.00", "grand_total": "90.00", "original_cart": "{\"7\": {\"items_by_faction\": {\"Alpha Legion\": 1}}}", "stripe_pid": "pi_1IiDmvJJZSYBjHBed0RmEvZ3"}}, {"model": "checkout.order", "pk": 19, "fields": {"order_number": "3251D35086E8436F80803955E70D4BB3", "user_profile": 1, "full_name": "wwwwwwwwwwwwwwaa", "email": "test@test.com", "phone_number": "1234567890", "country": "NL", "postcode": "12345", "town_or_city": "Someplace", "street_address1": "Somewhere 123", "street_address2": "", "county": "Anywhere", "date": "2021-04-20T07:18:14.268Z", "shipping_cost": "0.00", "order_total": "110.00", "grand_total": "110.00", "original_cart": "{\"5\": 1, \"10\": 1}", "stripe_pid": "pi_1IiDqGJJZSYBjHBeUtBpWQWu"}}, {"model": "checkout.order", "pk": 20, "fields": {"order_number": "B4FE19884AC746538FF089C683C35417", "user_profile": 1, "full_name": "John Wayne", "email": "tst@tsttst.com", "phone_number": "1234567890", "country": "NL", "postcode": "12345", "town_or_city": "Someplace", "street_address1": "Somewhere 123", "street_address2": "", "county": "Anywhere", "date": "2021-04-20T07:30:48.957Z", "shipping_cost": "0.00", "order_total": "135.00", "grand_total": "135.00", "original_cart": "{\"3\": {\"items_by_faction\": {\"Black Templars\": 1}}}", "stripe_pid": "pi_1IiE2CJJZSYBjHBeXbRxXFz4"}}, {"model": "checkout.order", "pk": 21, "fields": {"order_number": "8D5F2C1361D04A4EB9FAFCB732B06F2D", "user_profile": 1, "full_name": "Woof Wof", "email": "test@test.com", "phone_number": "1234567890", "country": "NL", "postcode": "12345", "town_or_city": "Someplace", "street_address1": "Somewhere 123", "street_address2": "", "county": "Anywhere", "date": "2021-04-20T07:33:30.161Z", "shipping_cost": "0.00", "order_total": "90.00", "grand_total": "90.00", "original_cart": "{\"8\": 1}", "stripe_pid": "pi_1IiE50JJZSYBjHBeIbeIfsEO"}}, {"model": "checkout.order", "pk": 22, "fields": {"order_number": "37ACA6F7D2CF4B61AC6CC04961D49AB3", "user_profile": 1, "full_name": "Tess", "email": "test@test.com", "phone_number": "1234567890", "country": "NL", "postcode": "12345", "town_or_city": "Someplace", "street_address1": "Somewhere 123", "street_address2": "", "county": "Anywhere", "date": "2021-04-20T07:35:54.070Z", "shipping_cost": "0.00", "order_total": "0.00", "grand_total": "0.00", "original_cart": "{\"1\": {\"items_by_faction\": {\"Salamanders\": 1}}}", "stripe_pid": "pi_1IiE6ZJJZSYBjHBe9PREtEmq"}}, {"model": "checkout.order", "pk": 23, "fields": {"order_number": "7795034109FB4318A468AC3E225048C5", "user_profile": 1, "full_name": "Some Someone", "email": "test@test.com", "phone_number": "1234567890", "country": "NL", "postcode": "12345", "town_or_city": "Someplace", "street_address1": "Somewhere 123", "street_address2": "Somewhere else", "county": "Anywhere", "date": "2021-04-20T07:38:53.872Z", "shipping_cost": "10.00", "order_total": "50.00", "grand_total": "60.00", "original_cart": "{\"9\": 1}", "stripe_pid": "pi_1IiEA4JJZSYBjHBe3m9uNIjR"}}, {"model": "checkout.order", "pk": 24, "fields": {"order_number": "625D7D7C852C44069BAFC2AC996471D0", "user_profile": 1, "full_name": "fdfsdfs", "email": "test@test.com", "phone_number": "1234567890", "country": "NL", "postcode": "12345", "town_or_city": "Someplace", "street_address1": "Somewhere 123", "street_address2": "", "county": "Anywhere", "date": "2021-04-22T10:50:51.347Z", "shipping_cost": "0.00", "order_total": "90.00", "grand_total": "90.00", "original_cart": "{\"14\": {\"items_by_faction\": {\"Black Templars\": 1}}}", "stripe_pid": "pi_1Ij07EJJZSYBjHBeobASQFDd"}}, {"model": "checkout.order", "pk": 25, "fields": {"order_number": "F55F2E9650AD4FDD947057EA8E0E5323", "user_profile": 1, "full_name": "asdasda", "email": "test@test.com", "phone_number": "1234567890", "country": "NL", "postcode": "12345", "town_or_city": "Someplace", "street_address1": "Somewhere 123", "street_address2": "", "county": "Anywhere", "date": "2021-04-22T10:52:13.749Z", "shipping_cost": "0.00", "order_total": "134.97", "grand_total": "134.97", "original_cart": "{\"17\": {\"items_by_faction\": {\"Alpha Legion\": 1}}}", "stripe_pid": "pi_1Ij08ZJJZSYBjHBeO3SrcS06"}}, {"model": "checkout.order", "pk": 26, "fields": {"order_number": "D96480A38D3746FD87ED1893EF5CC0A9", "user_profile": 1, "full_name": "ttrrtr", "email": "test@test.com", "phone_number": "1234567890", "country": "NL", "postcode": "12345", "town_or_city": "Someplace", "street_address1": "Somewhere 123", "street_address2": "", "county": "Anywhere", "date": "2021-04-22T17:51:13.033Z", "shipping_cost": "10.00", "order_total": "50.00", "grand_total": "60.00", "original_cart": "{\"9\": 1}", "stripe_pid": "pi_1Ij6fzJJZSYBjHBe4jDRTUWe"}}, {"model": "checkout.order", "pk": 27, "fields": {"order_number": "0807B8E357664D0D81C7E02D26106300", "user_profile": 1, "full_name": "dadadaas", "email": "test@test.com", "phone_number": "1234567890", "country": "NL", "postcode": "12345", "town_or_city": "Someplace", "street_address1": "Somewhere 123", "street_address2": "fdddasdad", "county": "Anywhere", "date": "2021-04-22T17:52:44.013Z", "shipping_cost": "0.00", "order_total": "150.00", "grand_total": "150.00", "original_cart": "{\"12\": 1}", "stripe_pid": "pi_1Ij6hTJJZSYBjHBe2lhBOBfr"}}, {"model": "checkout.orderlineitem", "pk": 9, "fields": {"order": 6, "miniature": 8, "miniature_faction": null, "quantity": 1, "lineitem_total": "90.00"}}, {"model": "checkout.orderlineitem", "pk": 10, "fields": {"order": 6, "miniature": 3, "miniature_faction": "Space Wolves", "quantity": 1, "lineitem_total": "135.00"}}, {"model": "checkout.orderlineitem", "pk": 11, "fields": {"order": 7, "miniature": 7, "miniature_faction": "Emperor's Children", "quantity": 1, "lineitem_total": "90.00"}}, {"model": "checkout.orderlineitem", "pk": 12, "fields": {"order": 7, "miniature": 7, "miniature_faction": "World Eaters", "quantity": 1, "lineitem_total": "90.00"}}, {"model": "checkout.orderlineitem", "pk": 13, "fields": {"order": 8, "miniature": 9, "miniature_faction": null, "quantity": 2, "lineitem_total": "100.00"}}, {"model": "checkout.orderlineitem", "pk": 14, "fields": {"order": 9, "miniature": 8, "miniature_faction": null, "quantity": 1, "lineitem_total": "90.00"}}, {"model": "checkout.orderlineitem", "pk": 16, "fields": {"order": 11, "miniature": 4, "miniature_faction": null, "quantity": 1, "lineitem_total": "35.00"}}, {"model": "checkout.orderlineitem", "pk": 21, "fields": {"order": 15, "miniature": 7, "miniature_faction": "Alpha Legion", "quantity": 1, "lineitem_total": "90.00"}}, {"model": "checkout.orderlineitem", "pk": 22, "fields": {"order": 15, "miniature": 8, "miniature_faction": null, "quantity": 1, "lineitem_total": "90.00"}}, {"model": "checkout.orderlineitem", "pk": 23, "fields": {"order": 15, "miniature": 6, "miniature_faction": null, "quantity": 1, "lineitem_total": "75.00"}}, {"model": "checkout.orderlineitem", "pk": 24, "fields": {"order": 16, "miniature": 7, "miniature_faction": "Alpha Legion", "quantity": 1, "lineitem_total": "90.00"}}, {"model": "checkout.orderlineitem", "pk": 26, "fields": {"order": 18, "miniature": 7, "miniature_faction": "Alpha Legion", "quantity": 1, "lineitem_total": "90.00"}}, {"model": "checkout.orderlineitem", "pk": 27, "fields": {"order": 19, "miniature": 5, "miniature_faction": null, "quantity": 1, "lineitem_total": "35.00"}}, {"model": "checkout.orderlineitem", "pk": 28, "fields": {"order": 19, "miniature": 10, "miniature_faction": null, "quantity": 1, "lineitem_total": "75.00"}}, {"model": "checkout.orderlineitem", "pk": 29, "fields": {"order": 20, "miniature": 3, "miniature_faction": "Black Templars", "quantity": 1, "lineitem_total": "135.00"}}, {"model": "checkout.orderlineitem", "pk": 30, "fields": {"order": 21, "miniature": 8, "miniature_faction": null, "quantity": 1, "lineitem_total": "90.00"}}, {"model": "checkout.orderlineitem", "pk": 32, "fields": {"order": 23, "miniature": 9, "miniature_faction": null, "quantity": 1, "lineitem_total": "50.00"}}, {"model": "checkout.orderlineitem", "pk": 33, "fields": {"order": 24, "miniature": 14, "miniature_faction": "Black Templars", "quantity": 1, "lineitem_total": "90.00"}}, {"model": "checkout.orderlineitem", "pk": 34, "fields": {"order": 25, "miniature": 17, "miniature_faction": "Alpha Legion", "quantity": 1, "lineitem_total": "134.97"}}, {"model": "checkout.orderlineitem", "pk": 35, "fields": {"order": 26, "miniature": 9, "miniature_faction": null, "quantity": 1, "lineitem_total": "50.00"}}, {"model": "checkout.orderlineitem", "pk": 36, "fields": {"order": 27, "miniature": 12, "miniature_faction": null, "quantity": 1, "lineitem_total": "150.00"}}, {"model": "profiles.userprofile", "pk": 1, "fields": {"user": 2, "default_full_name": "Testy Test", "default_email": "test@test.com", "default_phone_number": "1234567890", "default_street_address1": "Somewhere 123", "default_street_address2": "fdddasdad", "default_town_or_city": "Someplace", "default_county": "Anywhere", "default_postcode": "12345", "default_country": "NL"}}, {"model": "profiles.userprofile", "pk": 2, "fields": {"user": 1, "default_full_name": "admin", "default_email": "admin@admin.com", "default_phone_number": "12345678", "default_street_address1": "Somewhere", "default_street_address2": "Over the rainbow", "default_town_or_city": "Way up high", "default_county": "NZ", "default_postcode": "12345", "default_country": "MC"}}, {"model": "gallery.galleryitem", "pk": 6, "fields": {"name": "Primaris Intercessors Squad", "date_added": "2021-04-22T22:34:23.521Z", "image_url": "https://1.bp.blogspot.com/-ar74rGewS3o/XcGw_dfes2I/AAAAAAAADEo/d41oDxxSwTYWOGkmI573pi2Gf7mMMu3aQCEwYBhgL/s1600/10.jpg", "image": "intrcsrs-cms.jpg", "gamesystem": "Warhammer 40,000", "army": "Adeptus Astartes", "faction": "Ultramarines", "manufacturer": "Games Workshop Ltd."}}, {"model": "gallery.galleryitem", "pk": 7, "fields": {"name": "Stormtroopers Unit", "date_added": "2021-04-22T22:36:15.020Z", "image_url": "https://i.etsystatic.com/22254290/r/il/469227/2481931601/il_1140xN.2481931601_qvy2.jpg", "image": "strmtrp-cms.jpg", "gamesystem": "Star Wars: Legion", "army": "Galactic Empire", "faction": "N/A", "manufacturer": "Fantasy Flight Games"}}, {"model": "gallery.galleryitem", "pk": 8, "fields": {"name": "Rebel Troopers Unit", "date_added": "2021-04-22T22:37:56.474Z", "image_url": "https://images.squarespace-cdn.com/content/v1/59715c1e9de4bbfe8d824561/1527283553240-8F72H0SDNMDTR5BVUOS4/ke17ZwdGBToddI8pDm48kPTrHXgsMrSIMwe6YW3w1AZ7gQa3H78H3Y0txjaiv_0fDoOvxcdMmMKkDsyUqMSsMWxHk725yiiHCCLfrh8O1z4YTzHvnKhyp6Da-NYroOW3ZGjoBKy3azqku80C789l0k5fwC0WRNFJBIXiBeNI5fKTrY37saURwPBw8fO2esROAxn-RKSrlQamlL27g22X2A/Rebels+10.JPG?format=2500w", "image": "rbltrprs-cms.jpg", "gamesystem": "Star Wars: Legion", "army": "Rebel Alliance", "faction": "N/A", "manufacturer": "Fantasy Flight Games"}}, {"model": "gallery.galleryitem", "pk": 9, "fields": {"name": "Sequitors", "date_added": "2021-04-22T22:39:23.087Z", "image_url": "https://pbs.twimg.com/media/Dg0V2aMUEAA_z5C?format=jpg&name=4096x4096", "image": "sqtrs-cms_TyYZqFc.jpg", "gamesystem": "Warhammer: Age of Sigmar", "army": "Stormcast Eternals", "faction": "N/A", "manufacturer": "Games Workshop Ltd."}}]